id,ts,type,kwh,added,rp,tags,suhu,note
r-202609021727,2026-09-02 17:27:00,reading,296.33,,,,,
r-202609021753,2026-09-02 17:53:00,reading,295.93,,,,,
r-202609030610,2026-09-03 06:10:00,reading,291.14,,,,,
r-202609031846,2026-09-03 18:46:00,reading,289.92,,,,,
r-202609031948,2026-09-03 19:48:00,reading,288.86,,,ac,25,AC on 25C
r-202609032047,2026-09-03 20:47:00,reading,288.04,,,ac,25,AC on 25C
r-202609032147,2026-09-03 21:47:00,reading,287.2,,,ac,25,AC on 25C
r-202609032248,2026-09-03 22:48:00,reading,286.36,,,ac,25,AC on 25C
r-202609040449,2026-09-04 04:49:00,reading,284.4,,,ac,,AC on -> naik suhu -> mati 04:49
r-202609040709,2026-09-04 07:09:00,reading,284.07,,,noac,,No AC (baseline)
r-202609041716,2026-09-04 17:16:00,reading,283.5,,,noac,,No AC (siang hari)
r-202609041840,2026-09-04 18:40:00,reading,283.25,,,,,AC mulai nyala
r-202609042054,2026-09-04 20:54:00,reading,281.13,,,ac,25,AC nyala 25C
r-202609050552,2026-09-05 05:52:00,reading,277.58,,,ac,,AC baru mati
r-202609050648,2026-09-05 06:48:00,reading,277.52,,,kosong,,ditinggal lari
r-202609050911,2026-09-05 09:11:00,reading,277.12,,,kosong,,ditinggal pergi
r-202609051552,2026-09-05 15:52:00,reading,276.72,,,kosong,,baru balik
r-202609051702,2026-09-05 17:02:00,reading,275.91,,,ac,,AC nyala 16.09
r-202609052057,2026-09-05 20:57:00,reading,272.89,,,,,normal usage laptop lights etc
r-202609060634,2026-09-06 06:34:00,reading,270.04,,,,,
r-202609060901,2026-09-06 09:01:00,reading,269.7,,,,,
r-202609061639,2026-09-06 16:39:00,reading,268.64,,,,,
r-202609061757,2026-09-06 17:57:00,reading,267.85,,,,,
r-202609061938,2026-09-06 19:38:00,reading,266.91,,,cuci,,mesin cuci
r-202609062206,2026-09-06 22:06:00,reading,265.27,,,,,
r-202609070713,2026-09-07 07:13:00,reading,263.05,,,,,
r-202609071709,2026-09-07 17:09:00,reading,262.46,,,,,
r-202609071833,2026-09-07 18:33:00,reading,262.11,,,,,AC nyala jam 8
r-202609072151,2026-09-07 21:51:00,reading,260.35,,,,,
r-202609080623,2026-09-08 06:23:00,reading,257.69,,,,,
r-202609081251,2026-09-08 12:51:00,reading,257.22,,,,,
r-202609081717,2026-09-08 17:17:00,reading,257.04,,,,,
r-202609090616,2026-09-09 06:16:00,reading,251.74,,,,,
r-202609100705,2026-09-10 07:05:00,reading,245.78,,,,,
r-202609101741,2026-09-10 17:41:00,reading,245.05,,,,,
r-202609111916,2026-09-11 19:16:00,reading,244.67,,,,,
r-202609121747,2026-09-12 17:47:00,reading,239.63,,,,,
r-202609130742,2026-09-13 07:42:00,reading,227.54,,,,,
r-202609131045,2026-09-13 10:45:00,reading,227.05,,,cuci,,mesin cuci
r-202609131542,2026-09-13 15:42:00,reading,224.26,,,ac,,AC nyala
r-202609131648,2026-09-13 16:48:00,reading,223.42,,,,,
r-202609141713,2026-09-14 17:13:00,reading,216.5,,,,,
r-202609141949,2026-09-14 19:49:00,reading,215.77,,,,,Internet hifi on cctv modem etc on
r-202609150711,2026-09-15 07:11:00,reading,210.29,,,,,
r-202609151714,2026-09-15 17:14:00,reading,209.58,,,,,
r-202609160608,2026-09-16 06:08:00,reading,205,,,,,
r-202609161718,2026-09-16 17:18:00,reading,204.22,,,,,
r-202609170707,2026-09-17 07:07:00,reading,199.24,,,,,
r-202609171302,2026-09-17 13:02:00,reading,198.8,,,,,
r-202609171611,2026-09-17 16:11:00,reading,198.6,,,,,
r-202609172148,2026-09-17 21:48:00,reading,194.52,,,,,
r-202609180622,2026-09-18 06:22:00,reading,191.2,,,,,
r-202609181923,2026-09-18 19:23:00,reading,190.46,,,,,
r-202609190721,2026-09-19 07:21:00,reading,185.14,,,,,
r-202609191546,2026-09-19 15:46:00,reading,184.58,,,,,
r-202609191956,2026-09-19 19:56:00,reading,182.54,,,,,
r-202609200551,2026-09-20 05:51:00,reading,178.73,,,,,
r-202609201758,2026-09-20 17:58:00,reading,175.8,,,cuci|pompa,,nyuci pompa ac br nyala
r-202609210721,2026-09-21 07:21:00,reading,170.1,,,,,
r-202609211426,2026-09-21 14:26:00,reading,169.46,,,,,
r-202609220710,2026-09-22 07:10:00,reading,164.54,,,,,
